{
    "accuracy": 0.7923259493670886,
    "loss": 0.7472572805760782
}