{
    "accuracy": 0.85615234375,
    "loss": 0.49616962000727655
}