{
    "accuracy": 0.8166015625,
    "loss": 0.6646171644330024
}