{
    "accuracy": 0.8318829113924051,
    "loss": 0.6040677115132537
}