{
    "accuracy": 0.8223892405063291,
    "loss": 0.6212470361703559
}