{
    "accuracy": 0.7851068037974683,
    "loss": 0.8075300734254378
}