{
    "accuracy": 0.8190268987341772,
    "loss": 0.6145239283766928
}