{
    "accuracy": 0.8176424050632911,
    "loss": 0.6203514288497877
}