{
    "accuracy": 0.83349609375,
    "loss": 0.6254724361002445
}