{
    "accuracy": 0.82265625,
    "loss": 0.6414194643497467
}