{
    "accuracy": 0.8194224683544303,
    "loss": 0.6185027877741223
}