{
    "accuracy": 0.8119140625,
    "loss": 0.864456295967102
}