{
    "accuracy": 0.8423828125,
    "loss": 0.5781332965940237
}