{
    "accuracy": 0.9250395569620253,
    "loss": 0.27306510602371603
}