{
    "accuracy": 0.7208267405063291,
    "loss": 1.0379069092907482
}