{
    "accuracy": 0.8191257911392406,
    "loss": 0.6582028199977512
}