{
    "accuracy": 0.81298828125,
    "loss": 0.6629703402519226
}