{
    "accuracy": 0.7927734375,
    "loss": 0.708871029317379
}