{
    "accuracy": 0.83876953125,
    "loss": 0.5933664694428444
}