{
    "accuracy": 0.8244140625,
    "loss": 0.5996161155402661
}