{
    "accuracy": 0.8373046875,
    "loss": 0.5691418059170246
}