{
    "accuracy": 0.8202136075949367,
    "loss": 0.6441868490810636
}