{
    "accuracy": 0.86337890625,
    "loss": 0.534797839075327
}