{
    "accuracy": 0.86572265625,
    "loss": 0.5337250389158725
}