{
    "accuracy": 0.84091796875,
    "loss": 0.6039900027215481
}