{
    "accuracy": 0.8369140625,
    "loss": 0.5872571498155594
}