{
    "accuracy": 0.77109375,
    "loss": 0.8606339111924172
}