{
    "accuracy": 0.825059335443038,
    "loss": 0.639930455745021
}