{
    "accuracy": 0.8541015625,
    "loss": 0.5315446242690086
}