{
    "accuracy": 0.822265625,
    "loss": 0.6539351157844067
}