{
    "accuracy": 0.84912109375,
    "loss": 0.5292925737798214
}