{
    "accuracy": 0.837109375,
    "loss": 0.6083106674253941
}