{
    "accuracy": 0.83935546875,
    "loss": 0.5941621385514736
}