{
    "accuracy": 0.83671875,
    "loss": 0.603387501835823
}