{
    "accuracy": 0.802734375,
    "loss": 0.6951543778181076
}