{
    "accuracy": 0.8287183544303798,
    "loss": 0.637909052492697
}